Cement (kg),Water (kg),Aggregate (kg),Admixture (kg),Compressive Strength (MPa)
249.81604753894496,204.72425710296176,629.5930501870338,25.954089256810903,80.09023603971434
480.2857225639665,180.41445495161804,879.3306631648506,23.95909388148655,119.2598584316151
392.797576724562,146.42914244294917,1111.062085113486,5.0,123.4995869511044
339.46339367881467,222.0692529560423,1012.5574204866928,17.06239138130782,121.17812726009456
162.40745617697462,202.7096758830819,1064.5928035030147,19.009780939292853,109.26760497608744
162.39780813448107,124.3925409017337,961.148356697502,19.941139044845023,89.71212588292721
123.2334448672798,236.6390776740764,984.5935951624969,29.008618461366613,106.34201656887753
446.4704583099741,223.38058643847532,1094.4369560957234,26.68012733634392,136.40706954167777
340.4460046972835,242.4699869937886,674.7676062014302,30.39525463967223,99.37404670971016
383.2290311184182,208.857926258254,842.5974745501983,38.244163077106414,111.66039686295058
108.23379771832096,192.0122793903685,654.8466092737216,40.64928693580468,62.271912476307264
487.9639408647977,162.73645544359283,1191.367605597653,35.90615381132472,150.0
432.9770563201687,239.909272503102,1160.841537780629,47.77618479774674,149.79153334682752
184.93564427131048,229.90958342506124,527.5987679579541,5.0,65.69664539661345
172.72998688284025,106.7828005159284,993.902620760982,9.788899284177305,94.478055610309
173.36180394137352,103.9550461745878,1147.673822190966,5.0,105.5264250945363
221.69689718381508,156.46950503170746,626.4027415891335,32.37373570773015,72.50337473831954
309.9025726528952,221.5829996172749,897.5616613868406,44.90152744749935,111.2337656460005
272.7780074568463,248.09141939724168,1140.8418083116294,12.174114828814965,125.94744466123292
216.4916560792168,122.56253366552924,523.7621850100592,46.35172723981533,67.43954357401911
344.74115788895176,189.11960730282027,988.194187072788,5.0,115.1741528128601
155.79754426081672,157.13362849465324,708.1443051607855,46.72180134027572,75.56798845700744
216.85785941408727,245.48715967219047,1147.077336763571,17.58113436198172,120.10393428303225
246.5447373174767,226.31783847035632,1179.7407716157577,5.071041422460826,119.38822054137326
282.4279936868144,225.74930570667067,1160.9865423794038,24.29358795931628,117.58238113290896
414.07038455720544,170.30397396924553,831.9499516602247,12.838828386025398,116.55019621988949
179.8695128633439,162.22292535064977,1103.4298556925194,14.243645098096142,102.51395858797224
305.69377536544465,141.01106078960595,1091.1845789745494,15.364498246314328,113.0244885684342
336.965827544817,108.45632449763906,723.3703312702789,40.15129489163317,98.78842713276453
118.58016508799908,229.708356438258,1080.240831905474,26.95806383376273,110.09509207799212
343.01794076057536,221.93515136951163,525.9053443008448,15.565384957800182,80.2458936422603
168.2096494749166,249.9576509929196,917.3889149374372,30.51668916554592,99.94780862510729
126.0206371941118,249.4955255610858,661.0061861013921,35.80753371115968,80.65286226844772
479.5542149013333,183.31475584039413,584.3968200440952,13.631200036676688,104.22070472889077
486.2528132298237,215.34811227707655,553.8672411404464,20.677455076267577,103.1810926083071
423.3589392465845,241.7148594823642,987.4021431146978,6.0943046668473775,122.92350865475838
221.84550766934828,227.4471086016117,737.9124746376463,9.057467476734017,82.88432181375387
139.06884560255355,137.10221526147964,1007.336740070133,34.05589269824914,98.51746508312036
373.6932106048628,167.58162029651402,545.7494385592597,9.071917384781347,80.4045511914884
276.0609974958405,119.37391227272424,720.7032364814272,26.258169183353008,74.66890333611775
148.81529393791152,243.10765408880837,877.6439046627361,35.452313086121634,97.74524706263576
298.0707640445081,190.926195167632,1053.5062153872746,5.343846154737192,118.68726467632004
113.75540844608736,134.29642082551942,723.126752052449,28.365610981445176,62.567694548135975
463.7281608315128,200.7551026608785,938.1239635059064,12.828139185068189,119.5962229750726
203.5119926400068,192.7192360686844,1120.1844237653308,48.14634376187899,121.12511078840984
365.0089137415928,153.72440770492608,931.1042317276132,24.177282335996235,124.48734179609626
224.6844304357644,117.03363882994437,663.0716323275436,40.29962748875791,82.89903328413035
308.0272084711243,200.73597933891995,517.0805470895766,27.511327107813088,78.89740882574574
318.68411173731187,178.046155135569,1109.0692117306507,5.0,117.9252068746792
173.94178221021082,215.8477587603459,514.888587595271,31.65756877970112,77.4346631423885
487.8338511058234,178.024525166799,1112.2911708789395,47.57016711033285,141.82920585689195
410.0531293444458,227.827225047781,870.2559938190484,30.08059100731656,115.33475192237908
475.7995766256756,182.78602581617284,1157.3473889590273,40.95944297133951,143.51174716386586
457.9309401710596,184.14069573030795,1059.1482650415658,44.21032316742039,133.2159289487215
339.1599915244341,231.49804039875173,1198.5538773733365,11.403988597446624,132.28382188797784
468.7496940092468,160.52242993185956,745.4982708161971,10.602241995411331,117.32981054608152
135.3970008207678,120.1022842675961,1037.0318022517888,30.549049442549585,99.86224670717186
178.3931449676581,104.31740144700083,781.3516395264695,20.551423490335235,80.59831652340434
118.09091556421522,213.27058835104285,835.9129342127362,41.99306514333602,87.92608305295468
230.13213230530573,193.0464327030197,939.253824252859,45.00115616990056,99.59757975387852
255.4709158757928,205.61196521488355,1111.573979930437,17.671068965135905,121.58763112221703
208.5396127095584,131.9446242263366,1188.8584284395065,11.843527948724104,112.65080207771896
431.4950036607717,120.45572133801546,1037.7913897051626,39.02627576219309,128.72053929682482
242.7013306774357,102.18169985018228,792.4367475171337,13.740301777406804,103.56338858115772
212.3738038749523,152.58813382098955,794.9499015939491,41.13071592568392,94.23318791708635
317.0784332632994,188.48765302819496,1016.307611112224,21.18691268243814,112.75218604160708
156.36968998990503,158.83660676495984,667.1440020378117,33.37749496457352,74.8225904917723
420.8787923016159,165.62123830355938,577.3318791919762,5.0,97.47975437310836
129.82025747190832,235.62380417406223,748.2355103485436,31.19296623382865,83.94464697974657
494.7547746402069,152.23832005349504,701.0672941578572,22.58838393686145,103.48839095353092
408.89790771866296,177.09842337397163,707.415684319193,29.330423158773705,109.72603914753915
179.48627261366897,217.54795191117148,663.525425734937,8.400710387243171,73.61222630812472
102.20884684944096,159.48141734819052,529.4652327454534,36.843687247209104,71.99274817506492
426.18457138193367,193.313005034181,512.5117543133897,43.13985387716143,102.18814129584524
382.74293753904686,229.35455631201177,1191.405672815222,10.836990004538782,133.07120718918483
391.6028672163949,242.42809354864636,799.4411936151037,5.0,114.60480231600626
408.5081386743783,122.06102213935569,769.0286530117771,5.0,101.3615340983304
129.61786069363615,238.98814377422417,975.7530978851488,32.0985750221633,103.897493490079
243.38629141770903,173.8174439619307,652.777721505545,30.35470180443904,87.21854629261577
146.34762381005189,138.73665824484374,1164.9728287651578,27.334870635703503,104.35488415899478
445.2413703502374,168.8703634357392,1050.4415100908864,11.597354805798773,125.6002827127452
349.3192507310232,247.0048862928216,562.5877016185816,19.54529979527573,95.72217254800508
232.35920994105967,173.89271409893044,792.3065430494498,29.72381675930865,91.66290140384302
125.42334011440946,149.31274154312624,1115.3828152935153,24.83834294295847,101.03419443152504
224.3929286862649,195.01012814750885,1161.3124156039871,49.38927601074437,118.58391067368316
230.07332881069885,136.02184281672896,827.1810578749088,6.8219876278366565,91.1934919266846
391.8424713352256,111.3794992162996,929.3879724474954,34.75722770237969,127.07445030235388
355.0229885420853,119.33195828659738,616.9237622644526,20.215938405214608,83.35908323682165
454.8850970305306,119.20687584366588,1193.8180382958835,21.409980746280738,139.41920960856814
288.8859700647797,122.78540402684416,662.1701909684103,35.87988828290881,95.6168610092678
147.83769837532068,120.82407589741152,1159.912241894588,34.62180756621848,108.54498512203894
385.297914889198,196.13121172048216,954.752654294658,49.56279968510942,127.34345679384052
404.31401944675895,127.28201265987173,925.4157564152014,6.419714472706262,107.54658078054044
324.5108790277985,151.85009249857947,858.881957711556,5.205482469208317,103.34796154739765
408.3868719818244,234.51826148590175,661.468868202431,36.216940856437056,105.17508789291236
297.5182385457563,171.09424603943086,623.5696224038558,28.91934585032045,92.6689288732805
309.0931317527976,200.13366077815408,654.3403463491227,13.708033327990291,95.39835738204788
271.0164073434198,125.84798068024448,630.5067835009781,5.0,91.27152651340562
110.16765069763808,128.8433528213006,1045.7091314967274,5.0,94.41332027763195
143.15657079732176,106.13029243997184,745.0876814167111,44.70954373320591,82.34919973045258
112.5716742746937,125.34025946082468,540.4898735943775,9.593366235937143,58.24906630719114
354.56416450551217,141.78855085479378,1178.371841098568,16.16857810577604,126.49975702729245
225.74239243053069,126.55157264151202,1118.650119474398,11.3328201113494,111.16630947791488
303.42827646588114,113.30538006355836,1149.4265982366492,17.749815291596864,118.54091453395571
463.0265895704372,118.09538066509012,1196.4354758525046,5.0,137.49445460878255
199.71689165955,169.11681520490885,621.7266744536411,25.95298954541352,83.7269827250778
264.1531692142519,130.95005776086887,777.3694132318611,5.0,83.02209154522285
402.22045541721945,154.6404791572113,1030.766932992864,40.01782539111808,133.81071269295185
191.51926619664897,175.51259062822854,987.2144326376546,11.68560409552165,105.9552625915158
130.7919639315172,203.5592242944048,607.7271344378985,27.00059573022553,70.60783352961457
215.9005811655072,105.89682097616485,1071.0831874934324,44.00395437807291,100.05223867047089
164.48851490160175,219.9115598363564,657.1084002856625,32.54386845235971,76.91168125697415
471.8790609370293,194.18505842363615,656.6723303758362,26.64788932756677,114.67877273951215
423.2481518257668,112.2638547923308,875.8820960253895,16.21668765576878,112.37875186362984
353.36150260416935,231.03679361601655,915.0579543891922,16.650095652909897,109.27555471756864
448.5842360750871,238.130860079772,906.060345486468,33.474347759909506,124.36018574139088
421.4688307596458,109.16169397822956,564.0407861784284,49.706968061058376,101.23231655210049
174.62802355441434,141.53164722208055,1114.2226038412664,33.09195949246893,111.8870267249348
457.0235993959911,220.9301919689592,685.9200298120943,27.88917086850125,109.14644530274548
315.7368967662603,212.2389535575488,590.6604448979629,36.53252551196231,89.0042515406799
422.976062065625,127.6781529034566,1122.123655908284,23.26028061418591,129.9234351429333
458.4365199693973,131.40239850050654,1168.9560487608271,5.0,130.23006783873834
227.20138998874555,155.5708154187073,1103.4893320858157,28.11484079389549,121.44277962194332
144.0207698110707,172.6784477786532,1066.6612523074143,47.88126422526901,105.66693753055586
191.17406501677667,192.7382157295444,958.6693864473152,8.765147117882982,103.69999636717104
270.8431154505025,155.33704593546585,885.6001594263976,34.50024454103329,111.3498041694903
427.20590636899726,169.38020741997218,560.8907319379871,10.046684432952825,97.4528436208878
444.2922333025374,212.12064072006348,785.9172491494891,26.791384223654063,113.24963808786173
102.78085221247628,105.50248043358968,760.8819619086198,5.0,71.80036152468074
304.2989210310263,137.8655416516031,681.8276486322284,22.518546812909257,89.43383592056604
266.9644012595116,207.00243788268287,1006.3940795820096,37.80816644476231,110.5372715761278
188.8431241882921,234.2810256530799,847.1130145551396,17.378576211949103,94.99378637134082
147.94614693347313,176.7516163173499,556.7323511353536,33.2455862243609,63.357378377762736
235.0460685614512,179.81702278979736,654.1282413648679,39.77249803948646,92.17733144138086
477.16388156500767,116.0758017009664,978.2811345617172,46.35889097397264,128.94854936917184
229.2811728083021,167.11185502351822,553.2916016432101,11.732104092772676,73.36634124494957
307.51624869734644,179.89258996825347,1095.844839834138,19.965795790465407,121.86499167236076
381.2075835580711,136.37057554520945,846.602568909782,7.620800666520871,104.43110222153614
245.4518409517176,140.38648464240714,836.4106041286536,49.62417510791876,102.971554645258
488.7128330883843,156.5926244656934,914.6854492616624,46.35004839621477,127.6243873765698
484.9789179768445,103.01067966665896,1077.2766761476046,26.99785651402798,138.81385090144153
200.71291833014567,148.31187483747675,743.4664455315351,42.10166471882106,81.21997130462634
298.89940235695417,131.7172010494817,974.6113067913444,26.04789886360211,110.5400694340161
220.35132392670783,149.12460282668718,896.0123747970538,31.179284400137984,108.14273064511794
213.93619775098705,117.96431977288768,686.919789118595,5.0,71.26580870017705
114.75477894181311,233.57909211098425,1115.0409904486105,37.7635210248404,105.3712811834771
343.82573359195874,189.0388680331073,1058.1982151248496,6.3856741817617415,121.75506590423764
301.07160929154463,201.86534787167344,960.9162842608978,41.303381512626416,116.62315343322426
120.59150049999572,218.37568579110075,1095.4072103659694,39.101404383519295,109.22987043824412
211.45858569464457,174.7663298393586,1107.1059406718616,35.43723488714882,116.9149735366308
463.3063543866615,113.03804321311355,995.8540837005244,5.0,125.22753460641502
195.82475626678897,180.56598127278212,1085.9093298545704,15.15641779726643,113.20421054937236
157.95794883648924,188.02616770313188,988.2300231684984,13.155628495542144,99.0534238743514
295.78110411102523,211.81592112764952,976.0985402322104,18.006820373575955,110.8908800853622
494.2601816442403,164.7489319344519,933.027964750629,5.0,127.2147182673427
196.82210860460012,119.13704541933456,1026.901647690349,46.84789115155314,116.39116637453787
368.8542189623514,142.56638586980867,611.0235737051516,27.690112035618814,91.6602450242971
404.64784613148703,154.46234445979525,1116.6095314392498,15.276215532901178,124.53316562011298
195.05501759695989,196.88758619974016,1110.2904694216622,19.84907585371417,116.57543244637704
391.2865394447438,185.6167457003368,520.4730981241914,22.360127025241784,88.71272768346499
247.11325308770128,153.41450888467693,1078.071725395334,30.029716668030865,102.98966713421336
352.92233223743176,247.97728731894696,590.2089072314117,25.783971384824888,98.39962375860642
353.41188430435784,190.86622290353307,734.5831979813993,45.96959866072087,102.82260223668494
314.3098736299034,135.58401876039918,1020.4557794041256,24.848174145291512,114.15906127683658
136.11590802176332,115.26737089306056,612.5319272338157,49.60790074116564,73.83367605427468
434.1209982356952,122.9288708776498,1072.5769168833435,42.57124788725479,134.10567552563234
228.31202598869436,136.89365925767623,1082.4939245704195,10.42552571786679,111.08282451095118
174.6074041599417,124.10220598893336,855.2274136325854,46.52976073219581,90.66028996331178
116.31005662190556,127.98505360769586,504.4701102017835,5.818319894273804,57.07235902643538
336.35717727529675,142.76427530407707,700.926693222439,40.87248542455958,96.71556371529658
371.02574473691294,126.00603929421322,931.8488428630196,19.031164673829004,116.13258077801666
106.63513157114248,234.5148136939638,1186.8303246191963,43.898716022253474,117.32395718967214
304.8372233197124,112.03506184924632,942.269468911668,43.40283450537252,106.04771163910183
190.5983100791752,178.67670843553822,681.8625067449118,40.296270005881055,89.21320648388964
358.06911616377994,161.55952404844922,943.803992169728,39.50152181535307,115.1716544081818
169.74657160199658,247.35679253629092,877.9897658010989,15.23395695490204,97.88886077547728
376.3750952409864,116.80583532520784,1045.8917766058005,5.0,119.33585505028428
254.69413852021492,159.67833985686124,574.8864471788709,20.149008938258078,86.91610231901275
474.6919954946938,245.42056499130533,1032.7195317514197,8.676225749325434,132.64851025963986
155.0083776583973,229.82606888409703,878.8866050732772,34.747554445123086,93.71713047360764
236.4265404201034,222.560810642392,1174.0944027012963,17.304986326889278,120.32120199915988
145.38940849623563,138.68542405674097,739.3105162270803,48.78051004299574,81.465151282784
469.8774473114251,125.63313810850988,942.8353251937638,32.0486038672666,129.67730468329503
450.9357413523924,200.29648298866465,1152.4196738570122,41.124028181718046,135.921028048824
203.17665108606224,239.40639836913783,571.7568095934755,6.6262336370924215,68.36779633029312
363.9936184136717,183.51443395208943,1156.059941065516,43.10072411363113,129.780409628388
426.88888008048633,185.74190342048496,981.5200056105692,46.13785952566972,134.66149343681457
322.0803246397849,141.99686404904264,547.4859413736203,24.353095940946798,91.05557761368304
311.8602313424026,215.42393997879051,710.6744968627713,30.312646887548876,97.2447181983962
196.74091636018068,128.0565622836285,995.720462051697,38.24049004514977,102.5813414868982
137.2411071223597,148.55188546063656,547.1454210281402,8.741931363020628,61.55053154540765
458.8863031813307,163.81546579246253,907.5193221233912,25.12830382317212,128.44080843406897
460.1672228653322,176.14155680266825,742.1181398670697,19.933151388615656,106.1219345241318
353.24058290930714,136.36145986226205,934.640862437234,7.318699608112455,110.22257648994662
235.61191641948028,117.22552371088054,532.019423668759,18.37672111457657,75.21515985613264
239.6838298450644,191.59300636624488,1110.0757643066634,5.0,114.44053074783928
390.3822715480957,143.29458298603836,1181.442278424178,5.0,130.1099429462925
458.84410398103086,187.18573321339184,1178.214498699984,6.758314457741138,144.0756053221555
454.8345697060469,123.15440729113035,1024.7562822200473,48.15575557945869,119.48910674146008
411.9502183430495,172.17101527822263,591.0603680914423,27.476476794750848,100.06247032122177
356.8126584617151,179.8884148827379,1030.7842371503157,48.291108057661,123.21842638672558
133.65598599801953,107.77353052336404,517.210841521161,21.6248939165066,50.13084833147046
164.6514856378455,150.49064172908808,515.486486070298,15.59080665426298,65.74790900363732
459.4216754108317,120.16220154084614,726.5271534046789,25.307093142012206,114.73688971067024
342.57162386383595,109.50624557091515,842.050233283266,21.975584431645505,102.38386530794862
103.67882064665186,248.49403485849177,1039.285192465455,5.283234213087196,101.36356685880378
140.58861714641284,148.35307674620844,978.3067636245536,32.04131573451031,104.42764344251576
365.4007076432224,221.4811668781952,812.1318944637238,10.80190912547998,113.1983158137089
102.02463353848748,138.1960982145646,691.5386663971661,30.97939774489148,79.91567710821388
164.32322056699945,202.22540833358937,1197.9871501103978,32.51005461990767,120.61534136044826
319.49351574663444,214.034178983453,798.326911565181,7.601242656432405,100.43136105919322
376.7580790770773,189.34581109117664,815.9709170307729,5.0,96.86472986604151
360.7845038010402,170.73642828252378,614.5366748341685,39.03807930342199,94.21014245265664
189.7077237842239,161.7761371220903,1056.3666841249506,22.99002118846601,101.3870183843857
384.8716885390144,152.3302399814493,985.577558047042,5.0,126.53046145881068
194.89963499872005,239.4293716371739,654.5387289521323,49.74331585848836,86.34837721791597
230.1598792637071,224.5929111681594,557.6667319310899,5.0,74.47613436384106
398.59656204720966,244.7540365999769,976.3495114522992,34.75176144292766,130.14960300516864
359.85315961888585,118.64458352283172,958.1578499967948,49.18394626317068,119.0433961223022
439.6893641976712,209.63012128054663,691.2816688987465,11.95900521079628,113.70721555101971
363.0451569201373,240.75106852315568,1165.6044935752873,7.112468434359808,128.24363054664133
327.32344133418866,127.18495992484904,605.7405242466301,6.069246971121444,83.68031549733593
137.469907131237,109.97444010501664,802.6343607298213,15.163757378379778,74.75051651664774
247.0863212237734,211.16809739350884,1160.5311441173192,5.052290550532335,110.91456263426808
206.08094707269015,186.1709669769868,793.8091218482856,34.6080670847066,89.34604954791325
197.5958573516334,226.2743165137408,946.96816336486,5.0,97.79880699244916
489.2042219009782,120.96585649394342,778.316078573956,25.471106407489486,112.39855067388352
257.23908986670415,219.29009677898352,691.950641644069,49.83484269264884,91.62982237986492
456.8186220708453,130.24409800716168,1188.7843535718798,40.69851347530094,136.51708723417525
352.4554503989052,124.54839142985568,786.53380442053,30.760971911550545,102.26699743998704
417.9245214166594,124.63986968964896,1125.8694425753945,15.312681039330585,122.37424094413711
301.0548372420768,222.1862080347073,660.9682241237604,31.19479181458192,97.52180799597068
330.76155385054363,199.77958310443,649.1732928175584,26.35207319558258,94.189878441294
297.0070775275456,178.4598137153679,521.7938580191579,21.304169194518572,72.12234484144308
178.09719511921782,153.82457261852537,956.1667777631196,6.535518837009974,92.1936809684191
388.9808461046021,231.58008112196623,757.9684406066328,44.33021076202333,108.6401396334746
212.30894497634236,158.8667661133953,1105.0507748877458,22.489232441066125,112.62150608575534
109.72638657258152,222.48991592073656,831.2469346840901,9.731125591038252,88.93289722950466
358.1889183628671,165.87023628553277,1177.7353995403053,18.38796754386448,120.85561277892891
170.84427176281957,156.54166441373613,629.8678609921848,20.70648762644635,73.71868858744807
476.18343374116574,169.40196785044097,1108.0362175689274,41.37689477834371,141.1256919742991
481.5714308010349,145.2066811246213,1043.617796954219,36.6807190280701,139.16356711099627
465.9457560881794,212.1414070264377,1039.6452912508364,38.46524468206699,138.73584842530022
248.06348010217772,175.40805851387188,1091.3482596818212,5.0,106.32159509923122
106.18264661154696,134.8319042720226,1032.7167936600993,20.80769990898808,92.21630573442732
471.3274250350901,234.93618599118528,938.3542251419908,24.06720758176618,125.39765979534342
271.2736593269257,157.5836832059817,591.8714143776713,5.0,82.00950756065221
486.6619276174678,181.5329291670983,522.7683256438763,12.99066043725171,97.0413123459831
485.4479908357012,235.97081664468203,1144.5934934709808,38.01449115610675,150.0
441.203782186944,193.6356993870988,931.6552201645164,6.8554852864499525,120.0858215877824
217.77955682783423,117.53470610625462,1057.5761036833233,26.765506572629583,103.4960857259024
254.0390914407701,240.97481854202127,837.065646058785,10.760093600861875,90.63069205240129
440.4546686067428,194.15620796071263,582.1157322736761,5.0,85.60688788302646
226.76880206251107,150.23584219856292,587.6300545417853,12.060072879977074,65.8141109950722
167.797098674437,120.8908108995081,979.89570106028,48.79368774550269,102.51132029079668
322.72050498334005,219.1037783905444,801.2141264296239,40.07685559414948,109.87122450291446
474.4619096643124,193.01091338927705,640.3673086902357,47.97883221605167,103.61226117726126
378.4119186699892,180.01916379644825,844.1161827190058,24.392702196318123,115.28401485679596
328.024468035746,234.08388745764364,544.9462559525939,5.486809933875176,81.33493582149622
138.8705975083074,218.2895816836796,907.3799813400792,27.397974448684646,94.53169747848494
346.00289067966787,122.75123195991269,688.2953831045684,22.718866727998044,101.52340397015894
496.0215400417053,146.75831016933222,1058.2913704460316,42.2178541369808,143.94823285058317
156.0336060946096,137.27337097216986,717.2533712465016,5.0,72.31293771363787
307.33186094549467,211.59194388590157,818.6541043572608,24.41205685108891,99.04502083699415
450.94922877118216,105.0298652103669,508.1343779356704,7.502433234699213,76.65723223342683
396.30744710168176,185.48345273069748,550.7128214561913,16.233796344503,87.10580752132496
378.8062963981072,214.3688028611036,774.7454894846794,36.86785386938998,109.14917362653298
380.9936335948437,231.5148455142624,835.9571843019864,23.800906468438328,108.01639219426828
243.79646048790207,151.3122623073861,920.0143836835126,18.794414257288462,99.44886403800156
217.43673770579733,223.18859570080195,704.1638050965123,19.72381392850177,86.52359211286989
423.74446219140543,116.59476054328108,986.4873202885798,22.97233842029933,120.72848444152469
424.0453578716723,226.96784376017771,1102.0856780324432,39.25082719185284,135.4990779717004
446.8289274320415,119.12329934979736,1045.8956922253449,44.60423444701172,133.61587641570415
465.2962210225885,159.59309358405508,527.73317774385,47.76673432519642,103.21364933641745
304.5369595443751,219.59430486693304,836.3548630804803,39.34516931276475,102.39529008875652
300.60651787487984,122.48761410231606,573.4511248927224,15.770344787400637,86.53534209130584
419.31807158671006,134.38770928489623,669.4315111037693,34.40673530432711,101.89980479962378
359.98557231110607,208.33788525895997,1190.6638152870023,21.8801562027696,134.23219791942697
380.7867509030813,208.00548048191115,599.7468800310593,12.73353110230256,96.54900905332114
418.3170677744404,196.1721449327946,849.2217074159493,42.04357897129613,120.66062999377696
456.00213672702654,204.092266670065,932.7090140226834,5.0,126.24440464698324
235.19806274061432,181.40866650213945,991.7254793808728,45.08809960677117,112.46426390319286
250.2331810559776,137.7698588360429,891.7540784408399,23.073873231236707,95.88718431130384
137.5927759363476,151.85439902558792,506.8395931934286,31.86007384041402,65.01030146256747
331.3120563984696,127.23965752021384,728.5229157707943,32.96769611028913,91.36470080526776
114.37690951869683,236.26758420004424,862.398150369298,44.75588703532682,93.11291662367071
286.2392072529841,187.5087692149181,561.5065494013834,31.833484108360366,83.50536451259094
317.05785388303065,160.12771251454598,745.4388518464266,30.69667923800309,96.99164220451814
214.61650085131376,169.3008705466199,523.2421761539566,5.0,66.57747879165159
336.3333042276043,242.0925009417723,555.0049480085145,25.920401097260203,80.3631368224089
112.20009997561976,123.00271046741204,777.8462933411172,7.508450040852082,70.5774515242764
114.93927549968576,187.9344748025196,592.9010278301422,36.87168843607428,70.23228543112495
429.0402242638633,175.8833018326699,897.2785937830906,25.61109604063373,120.42919025094992
244.07625656450517,191.7181353151972,982.625478396086,34.01138896041766,104.44121799739014
150.8242050607539,102.71652757312609,1060.410689376358,5.0,101.19226335142412
308.89730402192174,230.81858634162276,640.1051709713671,5.0,83.75506760665453
407.9974212394444,239.81774237254183,617.2378075813489,35.81616940313411,108.00779565652644
186.32841099873727,184.7699775383813,573.1974882340802,5.0,70.85197932252356
349.15619032760014,204.49762358153384,945.5011746805455,5.0,108.80701316790848
134.1389859975072,238.37490717659435,994.5330085408308,5.0,103.94759377183505
120.67268846744308,206.08579514700975,522.1103013779494,47.82506991497401,62.51610952476366
312.54185262725923,122.8808564371392,1155.3485723705828,36.875417972950345,130.24348261316376
316.2540486440426,186.443254025022,536.3798985560306,17.66257042510321,87.02958613981303
354.9719605992826,191.0072569574284,878.9074347107494,14.82677906438276,106.18333410504547
390.43653348906463,163.61960069535792,996.3423636156416,17.485161487292476,127.4279576345494
490.34083178501385,210.4666353437084,1109.67838662226,38.73267655905909,143.73120474806203
306.52013932047817,240.1550522153522,999.8608524926996,33.06853055352072,120.70720047440784
229.1825891764984,238.83527693601644,1061.2096581488545,9.259778393373397,112.29826370740126
418.0744779074815,167.6259057106198,737.6151347799643,8.705466766704218,102.89135215686474
208.3329005048297,116.98570687611328,1070.3775796225586,5.0,106.64700383080064
275.5885682822544,247.72617984435016,556.0803924692726,33.015135985066905,89.44126409306648
131.3825525369064,225.83471296689007,1126.371659242369,38.2186331110868,102.17707380502746
110.140297366183,118.69940218049004,883.3146633076153,13.2523214162502,87.95319177481669
485.05936587117,238.12628239260584,1072.1084389737457,5.0,127.35683110504024
434.3920482048823,230.48445430931923,816.6227991628101,5.0,118.11147117382347
378.3896824374792,177.8257085689108,950.5043866375674,48.39300174225152,128.57768676941143
263.58117776570793,188.69131536173936,868.4818626552792,14.772238873871013,94.08602955422552
169.3177280283383,159.85040558051955,1012.1126652287325,38.46115739190668,101.41033968647947
162.5748170684344,108.21424582330472,557.1409874214127,31.23317844271319,61.38617546362053
200.0971592658381,150.27958624688517,542.2464587933947,19.096981982644795,68.225738599551
319.69066588244823,220.4280172897017,672.9722638071025,10.284363109777756,90.61522712025392
385.83836908002496,100.69480345069044,611.6812760792318,6.069320907970321,91.548433249024
364.0789506870925,150.02487575367164,1110.2484966145412,30.75064840194333,134.32820703039744
211.97355877837717,159.7253040386415,653.449791150631,38.7316890318894,89.64986332064161
481.9461122652776,180.6093404406884,1183.105679073392,32.19521267705653,143.67067818621945
395.1587666783074,237.97834246191408,735.8270542397747,26.51510666245792,107.17959955147964
321.7416210045603,151.9518991548942,627.4825409820895,5.0,75.69785620015861
344.6882984937409,152.04298028443415,1052.788954999735,48.42443887971919,121.42174315704015
267.84002497111595,210.62518721646225,961.0954428506132,39.93570958272873,117.40334293951068
199.09239580046295,167.8326911334711,848.7370015171973,14.641101835048238,98.71859872767448
242.38907146050465,133.6907234409973,888.7544856563418,48.99851646794253,96.76421624823315
403.1384441857476,167.865927419904,1003.4412447905848,30.094079481816102,122.00452252550969
105.75739545190234,121.12855305696998,659.9183189319091,29.121132910362324,68.5186473205502
146.4290562027665,126.4580479759335,1197.4337412397194,37.4036589714766,113.66770749424704
118.4010568087011,174.75516591092196,1182.355213502748,40.58848940450688,107.41240920290171
116.29152092758804,162.83881742568218,955.2279804428558,32.823930366575134,95.32214289067832
442.1842336044029,237.226885160215,639.6797156504016,6.404787318310001,99.76910844228658
381.46314375200944,154.35908486749497,976.159769701904,16.91337529972492,117.50586620326256
289.6695316349301,187.0882525417065,550.5388862854231,46.404182016302485,88.87134547383695
139.1336642604006,194.83964318792957,521.4567515440642,11.230780592192597,62.43558866101425
296.64635004673295,101.96416848825004,680.3780219578496,18.608351191875663,83.92904575187757
289.3887083122263,199.53060580250656,823.8360697175215,21.6038441472098,100.35664581138728
169.28074796400608,126.70539503046273,1107.7907537858664,21.970249484722608,104.76093241385226
273.5406596951892,244.16054762041827,1009.0183488364156,30.64697912472628,114.47271844462357
259.40189375894937,122.29940916296694,1019.8945648399869,47.15379188723538,111.58455743695394
346.3400392208866,162.19361855905356,797.8453341136528,12.034635591625248,108.99302120884566
354.0374603470575,112.80245021179658,742.154494782874,6.075068815045903,97.01429418281216
118.1216039088178,249.5311377768921,759.7271340892219,9.873524492996866,77.9669199744255
249.8450458505885,175.32925154968638,1191.3546946152403,44.34624501046348,129.4998168102564
350.3439662856946,189.30775259800657,528.0764339887378,32.2905406327603,86.25414531545346
301.2545034320351,110.06147160826411,1106.922047285714,14.295339461958006,121.83775831394152
442.5959364753289,212.49407055987663,905.0727860006754,40.797346948430864,128.24707254625062
363.477452647578,131.48583896433786,807.0307934327134,43.0684998181718,107.49138199687786
165.17377083257188,234.70814341610705,1007.6803622905956,42.3257169345139,109.4941376303584
128.22749896017194,130.7709460723011,840.668258997292,45.94632668197772,79.54295990549575
356.96771128252624,128.60315809955,1111.3962666571624,12.61205100866808,116.8132405564161
110.60452421664873,105.48245017721425,1130.491304807881,37.75209643731392,97.04976052254476
334.3102325093853,170.8100417664999,795.2046488114188,23.026974863707,102.95596120262276
476.092096569983,184.72616998939247,693.7794580645361,42.09992764450308,122.49264074731153
330.1896711503516,109.85629591425284,914.6452300153536,36.42453385808066,120.97835551440184
255.2679704826088,216.3291425042516,1138.6543419316836,38.82237232498623,127.00378808089236
357.3152873769413,167.99332521220413,647.4635323039666,32.808091884053574,98.519483011115
283.30115619660666,178.658540399137,936.076608494438,8.871438473485343,95.55740425816155
318.246715726374,166.11441204073424,942.0921540647644,27.25134594484692,108.8137431495069
476.5859235106101,160.1144591312989,1013.1791156906968,49.23348697622541,132.4946320416786
254.4410551203097,183.94604969623268,592.0973795890818,46.869403324855945,82.35786724179394
484.4762255295657,123.28603688960688,1001.077475277462,5.0,124.27836593190544
462.1402567824255,127.28921957429068,1136.3227644659487,8.240740786471857,131.40877543838224
178.31645391571857,229.2678431520276,625.7781762091694,6.586438672728096,64.52029856648178
127.74452035006618,241.9173193200449,666.2803274467144,36.29899549926478,82.5092913027195
140.31120055097065,155.99639744196293,1179.9765658291476,40.889266492847256,107.24343770510598
107.28873026061989,140.61170097153308,626.6838668966428,10.675568315533596,64.95867674106611
137.77718430237135,196.5999314858524,1098.0695653587054,25.29263464759145,115.9015248579073
373.2027093665428,161.31012566471446,844.5944995136243,42.03515140056,108.3174995080236
128.4754593840916,103.80795334905172,673.061752082224,36.64007723831253,59.8288440855483
227.5902521175045,123.42288960492856,1109.524930890758,27.111860274592413,110.58926579986787
437.9501243877818,207.39583432710964,811.7136785018658,29.517384522938645,122.39303672984488
109.30877429433036,198.8385912865227,860.3721477507831,25.418027345814,95.97420007657978
425.7873930355743,104.06439887552251,751.463358579836,14.877422565941028,97.21213088884822
212.74190990936,133.2958242899424,915.0655960044492,28.251099642950805,100.12728997051734
147.2659310486625,134.66121948821072,614.4667108095159,34.44426510250453,69.03462457254355
378.6948661456603,200.78391153980925,773.7570756562325,43.66614579304039,110.27516487458016
351.5771387119536,102.95658066315464,1178.5886256347012,31.814567698962403,142.39137697365985
450.9888054108212,115.61628729768609,680.6934028907892,38.0560768521579,98.62459683677749
394.02841752155433,219.9874128059784,959.7156651789046,8.00358174772865,120.4517236119963
421.39237215393945,126.78169930815004,727.6330449572864,23.07787372098949,106.36667593083656
212.8138290285226,197.9119161777812,1041.4311879806205,5.0,109.59940969335244
170.97581751188915,135.72741715700897,591.6115625028449,12.333943226081152,68.25346639680922
400.24590065634334,114.91620891390176,1178.8747315549813,36.32308575565024,137.0965015688287
422.7338957069056,136.47582864991813,817.6526789685474,49.59049756746817,114.29272520736949
496.2020568002693,208.34003977834885,665.2353243425248,5.0,108.94109607501882
265.0470707645706,228.35447021594285,551.4477231310088,20.074715793064414,78.82275298755066
248.80723431711328,224.5329796850488,618.8305335612786,40.00354843495798,90.53407890152512
410.5651842967988,159.57752944276822,863.8417639892124,10.201781731444942,109.69662304713395
236.32141610120715,200.21277048559693,735.9022235019004,27.75424746511431,92.5922872420674
472.3029302414259,130.74764431237315,1080.2183561178267,36.65356480148374,136.56735905988097
443.3651007372047,143.972159539152,801.6212665632642,30.79927251300895,119.4387124665692
271.5976109500074,234.450372778168,674.099990811341,9.401236730770806,87.69255781891474
400.3484271165989,101.9502885266104,932.001490622821,17.769228434286973,105.06114482741089
401.8171496338729,112.8262796281702,994.744051819812,39.18958922426986,129.60263792060658
141.24954753437305,131.1829382719041,616.929335530665,27.71132570660083,64.88275879118615
461.0211626718267,103.97983058107296,617.3334514018223,5.0,91.29791383654891
302.10094897914286,127.2153152634696,525.6699988534801,38.04953800140469,77.99936171089486
430.5829864430967,187.45623414545383,1015.4814105459484,5.0,130.74011310505523
228.0198404122447,163.2136825888747,964.6631693352635,37.286689136561606,95.2680567815555
458.2092913984802,233.90075666154624,832.2416130248697,10.12402800826187,133.48642815461858
255.68067149366524,222.6165342607661,1090.919314278438,47.90367400596901,127.92426470841956
104.33506059211936,151.2726027546814,1063.9691070650372,18.397037565104224,97.27057577516526
462.15279056770544,138.91351501469387,909.7480550777266,16.346580816903955,119.83816482324546
136.51467071445342,156.95386122509004,1107.789896359281,7.444402516622234,101.96110375546226
227.72545503616595,188.5442413772212,644.0888470257378,15.280210774510744,82.94763116107814
480.024786820322,140.20954612343144,578.3437335784095,43.83253809141003,107.48960288672474
480.24285877502246,193.6223361773701,688.8247280618928,49.81671688136237,118.66449935699296
329.37515524931445,161.41174782868606,539.9607992625204,18.415476525342417,82.93635757608689
352.73488486791973,182.80707712779704,871.8186696007224,22.430531547727128,108.9405634232412
279.3782087913279,165.4189793702975,1155.6239846064732,36.10354691013685,123.5667917338606
217.28430867922583,144.16986393128764,527.5404784679567,44.30978902325373,73.75217396013127
231.4658181479664,242.2679960443235,585.4769398070188,29.652216709339207,87.84266122970729
369.00738243081537,214.5408691239641,816.5393197984047,19.576284908891463,111.6685746783507
400.949811775072,121.01697636496787,1153.7125122695334,20.631092042431188,116.32998108978778
416.6316174903394,230.27019638468693,721.3092734837253,34.78090732484034,113.90400605974594
415.8472571178215,173.11467973742705,855.0643660818747,5.0,111.1008289340214
136.48244121947613,234.1828340341137,529.1010013352744,30.979466872992035,68.49680550949144
297.7681218810326,219.97828839209728,603.8402406734622,17.77465052206787,84.65688129381961
123.02350400665772,163.78202567038502,1190.6410860711928,39.70986656385421,117.39886462186944
319.8115529294942,103.3703962480176,1175.583087505232,5.0,125.10802993956216
276.6122005493508,140.3016039077419,503.4579866540867,29.410113347419525,71.9359936464741
455.08167310331993,181.24513219913004,1166.2682497962674,24.04864449430619,143.05419174051116
240.36600502083147,195.0217329739221,947.3839564708504,32.11627629526137,101.6695356900846
146.82680657104234,138.68315281498036,1107.5428061640157,5.0,92.89527985021935
157.19667282113434,120.90341111092364,818.3178989437014,28.999189371406565,81.7133425150502
404.6042526869889,225.23953551989487,860.9172200054752,28.074229397976183,121.91342068658594
347.2872253265044,247.6603271055328,842.1926061798441,28.033004720808545,116.43744749155832
140.4490704491161,178.85352734540288,966.804980282273,30.17438332982274,99.26423579839188
133.64272244599897,125.75189287724552,597.755878329419,33.82339686131811,71.88493667802511
380.387652583648,140.84609897790534,520.9815129108746,40.249449984038485,92.18055754340378
129.1052025456774,102.75860148212,715.5509591138336,13.491036006410717,67.62781669180949
428.74402371614246,237.14482098407484,993.2765339156526,41.2524705090031,134.671107620084
382.4968908625985,117.66266243352118,641.2974164860639,24.91278411317268,98.00824581073331
132.5395122567599,186.47747132713803,971.4027033274422,5.0,95.11805346536504
133.93508563407676,141.1082831030809,1178.938432275089,5.0,109.504689127631
494.65583140047016,183.126700377369,565.7305010525929,16.71191593480304,105.10695565556288
249.7083183024481,197.71305825277963,970.8214827575885,39.24484885557338,112.42019934473758
248.2568588267564,224.46127055608025,810.6251535131998,35.384046737045786,105.22007069539492
425.119826903001,130.96319076409048,1107.6995780642535,39.43074823362032,134.35265604348112
478.89943095354346,101.64937429877207,624.0048526131701,25.86345282208047,97.41606880149236
494.4004255291484,120.5328445103211,984.8381665583152,22.00994989777453,127.99201159734903
401.3512741035767,235.00279627721577,1086.680702753677,7.372626335314197,125.70292846000643
250.5038342123663,231.0835116343773,1161.2299536318162,16.40963768046558,117.79669191840384
133.4002866794675,189.61196532554624,978.273619802752,21.700968308693763,94.91738062857787
410.8587663709747,190.077529065048,848.0223348058992,5.0,106.8752212185592
323.361699894322,199.7555011819383,932.4930681408496,11.030597635560564,108.26477169730548
269.6888036987905,126.30569179351744,1108.233489135103,29.91126470318694,107.3746888048806
462.5417540378944,237.161791888744,899.4268226471808,36.783155711959495,129.49524226278592
144.47899292246052,162.81557873381098,521.2709417877858,49.91737556964748,69.06714664482223
297.0500417163437,157.4707792374246,1151.6640868548843,46.65566656717788,123.44071937144211
104.54145790696762,177.83765579242564,982.6687257220927,32.12825997675958,97.85471971837848
287.4642567976505,107.04489501625824,973.5593700440726,21.0624026647036,111.14815755473656
122.52131027273494,124.94250531341191,650.972606678402,31.80886823541164,62.391313085669694
147.52716650722877,210.7050424639556,961.21982916286,39.2825809040116,96.6162491032921
147.01049871084194,112.41980018876896,775.7050839579109,5.916809546169366,71.95904591787378
359.6841208464254,190.47281641995824,955.8630839290444,20.49524448481441,111.80200217209214
398.4179517061693,136.80236645219816,574.6151212155935,41.99011428178086,99.45036904433331
333.34750603886386,158.39434210629648,960.4917132221252,19.1916475966522,111.3580864602164
484.8690193898168,143.304060515605,1199.5896080394666,28.593613561359327,144.0195260332434
249.94823180948163,153.35090746974237,533.7484272023892,29.38846804310991,65.88314024519073
214.28483451274428,207.8568857776368,1184.0219289549225,9.223812656681968,119.72471544938335
447.4396512757841,144.56825734347626,784.8355725060094,18.11177208261442,104.3369305124284
189.43833540778104,184.9606960445346,1109.5274152360814,16.725564437096608,109.50356344828153
485.2890157762445,171.40756032986496,1047.6698388407913,5.0,132.0850200880847
104.86178987592652,199.5506748043972,896.9113826906674,5.0,90.29272013426603
487.9515306830557,240.5244608987137,1016.9144464759286,41.58485218378868,133.77825580771844
117.26396478023044,209.88581458153757,1114.9608929109436,13.65354049864062,87.90109703148998
456.4572454792285,132.24105678861352,782.8982251557231,25.90393831194077,113.16068853441078
311.08044363451995,104.6774702591927,728.9232130942671,14.936278679438653,99.35635443645232
497.18591844772016,139.33960664497377,967.3153698945092,47.03396225576702,139.99917228548696
129.51862589415956,189.2616896050382,1065.492159358881,12.964837943288687,100.64066288982043
321.5417137605283,107.71387202263756,1033.599594343631,21.482840636946754,111.730223780468
487.7210142476396,174.45493708018546,1058.469554201044,43.63651252423009,144.3506325608789
309.2391376680595,189.5264273375334,804.9083203690532,42.09667833959043,100.29542222891207
351.759455254105,150.13658362254412,1072.4839513225152,9.305070892313866,121.99945432435764
378.29947559384686,215.6368305618733,584.1463387594259,40.13216548978552,100.05581669442842
281.8164259071093,115.98973797006578,881.1423685725947,22.909344336894637,105.54401369416918
351.0232320336254,111.27066726037133,504.0310623486851,24.14844360426776,94.576019846198
333.72572476924006,209.22831343054048,727.2100809301892,6.673998620797189,98.03557337361757
460.4632041963956,174.32369743092977,756.5230744099786,5.0,105.9803175089183
118.17855213658316,203.2603594641604,777.3208841264787,36.39696534868826,83.54485658449752
212.3852758368921,165.22410079056192,986.8270446829036,24.823057617764988,94.69685775012798
480.1645936306235,136.96030498586603,771.990670889242,21.84253513075898,109.79876294530912
456.1055135563665,222.86534765112995,814.0855358357715,36.47541143261984,118.98847634265562
282.2627011142852,219.91238184534689,666.2808916120292,38.275644949555485,90.89623861677605
348.0530391206147,204.204470628164,761.2762541405381,7.945408383467678,100.6557212701695
210.95247319245303,140.8217705844944,659.088739084206,30.511257473882065,76.26269941722985
175.24846388950454,188.53460003036307,551.2371466379105,6.767704113884276,72.49687081452156
285.4793619759929,154.14608454100403,922.4140153669646,37.56875430145229,108.33900768521846
241.34089121042112,113.73731099899511,967.7489589885114,32.84775781335698,104.086431757166
333.4624447403488,237.5970363193364,933.6432422067302,47.8307310541729,118.5077958727428
131.09385478599393,120.5227946378442,824.4458306604006,5.0,78.31226693957876
489.7579230664666,242.5356030731204,765.850046125461,5.0,119.40811422393568
494.48429779184113,166.90086594369336,1104.3335547002775,14.109353734660008,133.58304157376574
